1,Adams,Othello
2,Adams,Ritzville
3,Asotin,Asotin
4,Asotin,Clarkston
5,Benton,Benton City
6,Benton,Grandview
7,Benton,Kennewick
8,Benton,Prosser
9,Benton,Richland
10,Benton,West Richland
11,Chelan,Cashmere
12,Chelan,Chelan
13,Chelan,Entiat
14,Chelan,Holden Village
15,Chelan,Leavenworth
16,Chelan,Malaga
17,Chelan,Manson
18,Chelan,Peshastin
19,Chelan,Wenatchee
20,Clallam,Clallam Bay
21,Clallam,Forks
22,Clallam,Neah Bay
23,Clallam,Port Angeles
24,Clallam,Sequim
25,Clark,Amboy
26,Clark,Battle Ground
27,Clark,Brush Prairie
28,Clark,Camas
29,Clark,La Center
30,Clark,Ridgefield
31,Clark,Vancouver
32,Clark,Washougal
33,Clark,Woodland
34,Clark,Yacolt
35,Columbia,Dayton
36,Cowlitz,Ariel
37,Cowlitz,Castle Rock
38,Cowlitz,Kalama
39,Cowlitz,Kelso
40,Cowlitz,Longview
41,Cowlitz,Ryderwood
42,Cowlitz,Silverlake
43,Cowlitz,Toutle
44,Cowlitz,Woodland
45,Douglas,Bridgeport Bar
46,Douglas,East Wenatchee
47,Douglas,Mansfield
48,Douglas,Orondo
49,Douglas,Rock Island
50,Douglas,Waterville
51,Ferry,Curlew
52,Ferry,Kettle Falls
53,Ferry,Republic
54,Franklin,Connell
55,Franklin,Eltopia
56,Franklin,Mesa
57,Franklin,Othello
58,Franklin,Pasco
59,Garfield,Pomeroy
60,Grant,Coulee City
61,Grant,Ephrata
62,Grant,Grand Coulee
63,Grant,Mattawa
64,Grant,Moses Lake
65,Grant,Othello
66,Grant,Quincy
67,Grant,Royal City
68,Grant,Soap Lake
69,Grant,Warden
70,Grays Harbor,Aberdeen
71,Grays Harbor,Cosmopolis
72,Grays Harbor,Elma
73,Grays Harbor,Grayland
74,Grays Harbor,Hoquiam
75,Grays Harbor,Mccleary
76,Grays Harbor,Montesano
77,Grays Harbor,Oakville
78,Grays Harbor,Ocean Shores
79,Grays Harbor,Pacific Beach
80,Grays Harbor,Satsop
81,Grays Harbor,Taholah
82,Grays Harbor,Westport
83,Island,Camano Island
84,Island,Clinton
85,Island,Coupeville
86,Island,Freeland
87,Island,Greenbank
88,Island,Langley
89,Island,Oak Harbor
90,Jefferson,Brinnon
91,Jefferson,Chimacum
92,Jefferson,Nordland
93,Jefferson,Port Hadlock
94,Jefferson,Port Ludlow
95,Jefferson,Port Townsend
96,Jefferson,Quilcene
97,Jefferson,Sequim
98,King,Algona
99,King,Auburn
100,King,Baring
101,King,Beaux Arts
102,King,Bellevue
103,King,Black Diamond
104,King,Bothell
105,King,Burien
106,King,Carnation
107,King,Clyde Hill
108,King,Covington
109,King,Des Moines
110,King,Duvall
111,King,Enumclaw
112,King,Fall City
113,King,Federal Way
114,King,Hunts Point
115,King,Issaquah
116,King,Kenmore
117,King,Kent
118,King,Kirkland
119,King,Lake Forest Park
120,King,Maple Valley
121,King,Medina
122,King,Mercer Island
123,King,Milton
124,King,Newcastle
125,King,Normandy Park
126,King,North Bend
127,King,Pacific
128,King,Preston
129,King,Ravensdale
130,King,Redmond
131,King,Renton
132,King,Sammamish
133,King,Seatac
134,King,Seattle
135,King,Shoreline
136,King,Skykomish
137,King,Snoqualmie
138,King,Snoqualmie Pass
139,King,Tukwila
140,King,Vashon
141,King,Woodinville
142,King,Yarrow Point
143,Kitsap,Bainbridge Island
144,Kitsap,Bremerton
145,Kitsap,Gig Harbor
146,Kitsap,Hansville
147,Kitsap,Indianola
148,Kitsap,Keyport
149,Kitsap,Kingston
150,Kitsap,Olalla
151,Kitsap,Port Orchard
152,Kitsap,Poulsbo
153,Kitsap,Seabeck
154,Kitsap,Silverdale
155,Kitsap,Suquamish
156,Kittitas,Cle Elum
157,Kittitas,Easton
158,Kittitas,Ellensburg
159,Kittitas,Kittitas
160,Kittitas,Ronald
161,Kittitas,Roslyn
162,Kittitas,Snoqualmie Pass
163,Klickitat,Bingen
164,Klickitat,Dallesport
165,Klickitat,Goldendale
166,Klickitat,Husum
167,Klickitat,Lyle
168,Klickitat,Maryhill
169,Klickitat,Trout Lake
170,Klickitat,White Salmon
171,Lewis,Centralia
172,Lewis,Chehalis
173,Lewis,Cinebar
174,Lewis,Curtis
175,Lewis,Mineral
176,Lewis,Morton
177,Lewis,Mossyrock
178,Lewis,Napavine
179,Lewis,Onalaska
180,Lewis,Packwood
181,Lewis,Rochester
182,Lewis,Toledo
183,Lewis,Vader
184,Lewis,Winlock
185,Lincoln,Davenport
186,Lincoln,Odessa
187,Lincoln,Sprague
188,Madison,Saint Jacob
189,Mason,Allyn
190,Mason,Belfair
191,Mason,Elma
192,Mason,Grapeview
193,Mason,Hoodsport
194,Mason,Lilliwaup
195,Mason,McCleary
196,Mason,Olympia
197,Mason,Shelton
198,Mason,Tahuya
199,Mason,Union
200,Okanogan,Brewster
201,Okanogan,Coulee Dam
202,Okanogan,Mazama
203,Okanogan,Okanogan
204,Okanogan,Omak
205,Okanogan,Oroville
206,Okanogan,Pateros
207,Okanogan,Riverside
208,Okanogan,Tonasket
209,Okanogan,Twisp
210,Okanogan,Winthrop
211,Pacific,Ilwaco
212,Pacific,Long Beach
213,Pacific,Nahcotta
214,Pacific,Naselle
215,Pacific,Ocean Park
216,Pacific,Raymond
217,Pacific,South Bend
218,Pacific,Surfside
219,Pend Oreille,Cusick
220,Pend Oreille,Elk
221,Pend Oreille,Newport
222,Pend Oreille,Usk
223,Pierce,Anderson Island
224,Pierce,Auburn
225,Pierce,Bonney Lake
226,Pierce,Buckley
227,Pierce,Carbonado
228,Pierce,Dupont
229,Pierce,Eatonville
230,Pierce,Edgewood
231,Pierce,Elbe
232,Pierce,Fife
233,Pierce,Fircrest
234,Pierce,Fox Island
235,Pierce,Gig Harbor
236,Pierce,Graham
237,Pierce,Joint Base Lewis Mcchord
238,Pierce,Kapowsin
239,Pierce,Lake Tapps
240,Pierce,Lakebay
241,Pierce,Lakewood
242,Pierce,Longbranch
243,Pierce,Milton
244,Pierce,Orting
245,Pierce,Parkland
246,Pierce,Puyallup
247,Pierce,Roy
248,Pierce,Ruston
249,Pierce,South Hill
250,Pierce,Spanaway
251,Pierce,Steilacoom
252,Pierce,Sumner
253,Pierce,Tacoma
254,Pierce,University Place
255,Pierce,Vaughn
256,Pierce,Wilkeson
257,San Diego,San Diego
258,San Juan,Eastsound
259,San Juan,Friday Harbor
260,San Juan,Lopez Island
261,San Juan,Olga
262,San Juan,Shaw Island
263,Skagit,Anacortes
264,Skagit,Bellingham
265,Skagit,Bow
266,Skagit,Burlington
267,Skagit,Concrete
268,Skagit,La Conner
269,Skagit,Mount Vernon
270,Skagit,Sedro Woolley
271,Skagit,Sedro-Woolley
272,Skamania,Carson
273,Skamania,North Bonneville
274,Skamania,Stevenson
275,Skamania,Underwood
276,Skamania,Washougal
277,Snohomish,Arlington
278,Snohomish,Bothell
279,Snohomish,Brier
280,Snohomish,Darrington
281,Snohomish,Edmonds
282,Snohomish,Everett
283,Snohomish,Gold Bar
284,Snohomish,Granite Falls
285,Snohomish,Index
286,Snohomish,Lake Stevens
287,Snohomish,Lynnwood
288,Snohomish,Marysville
289,Snohomish,Mill Creek
290,Snohomish,Monroe
291,Snohomish,Mountlake Terrace
292,Snohomish,Mukilteo
293,Snohomish,Snohomish
294,Snohomish,Stanwood
295,Snohomish,Sultan
296,Snohomish,Tulalip
297,Snohomish,Woodinville
298,Snohomish,Woodway
299,Spokane,Airway Heights
300,Spokane,Chattaroy
301,Spokane,Cheney
302,Spokane,Colbert
303,Spokane,Deer Park
304,Spokane,Elk
305,Spokane,Greenacres
306,Spokane,Liberty Lake
307,Spokane,Mead
308,Spokane,Medical Lake
309,Spokane,Mica
310,Spokane,Newman Lake
311,Spokane,Nine Mile Falls
312,Spokane,Otis Orchards
313,Spokane,Rockford
314,Spokane,Spangle
315,Spokane,Spokane
316,Spokane,Spokane Valley
317,Spokane,Valleyford
318,Spokane,Veradale
319,Spokane,Waverly
320,Stafford,Fredericksburg
321,Stevens,Chewelah
322,Stevens,Clayton
323,Stevens,Colville
324,Stevens,Deer Park
325,Stevens,Evans
326,Stevens,Hunters
327,Stevens,Kettle Falls
328,Stevens,Loon Lake
329,Stevens,Nine Mile Falls
330,Stevens,Springdale
331,Thurston,Bucoda
332,Thurston,Centralia
333,Thurston,Lacey
334,Thurston,Olympia
335,Thurston,Rainier
336,Thurston,Rochester
337,Thurston,Tenino
338,Thurston,Tumwater
339,Thurston,Yelm
340,Wahkiakum,Cathlamet
341,Wahkiakum,Naselle
342,Wahkiakum,Skamokawa
343,Walla Walla,Burbank
344,Walla Walla,College Place
345,Walla Walla,Waitsburg
346,Walla Walla,Walla Walla
347,Whatcom,Bellingham
348,Whatcom,Blaine
349,Whatcom,Custer
350,Whatcom,Deming
351,Whatcom,Everson
352,Whatcom,Ferndale
353,Whatcom,Lynden
354,Whatcom,Maple Falls
355,Whatcom,Point Roberts
356,Whatcom,Sedro Woolley
357,Whitman,Colton
358,Whitman,Palouse
359,Whitman,Pullman
360,Whitman,Rosalia
361,Whitman,Tekoa
362,Williamson,Austin
363,Yakima,Cowiche
364,Yakima,Grandview
365,Yakima,Granger
366,Yakima,Mabton
367,Yakima,Moxee
368,Yakima,Naches
369,Yakima,Outlook
370,Yakima,Parker
371,Yakima,Selah
372,Yakima,Sunnyside
373,Yakima,Tieton
374,Yakima,Toppenish
375,Yakima,Union Gap
376,Yakima,Wapato
377,Yakima,Yakima
378,Yakima,Zillah
